c1_0.jpg,38,428,58,408,160,347,176,331,273,490,289,474,38,477,58,457,447,384,463,368,148,202,164,186,370,490,386,474,56,59,70,45,161,542,175,528,315,199,333,181,147,252,163,236,448,519,462,505,623,60,637,46,205,59,219,45,54,258,70,242,322,489,336,475,315,323,335,303,621,255,637,239,500,256,514,242,501,58,515,44,401,59,413,47
c1_1.jpg,381,515,397,499,210,58,230,38,148,289,164,273,161,58,181,38,254,463,270,447,441,331,457,315,96,175,110,161,317,332,335,314,577,70,593,54,119,463,135,447,436,164,452,148,149,336,163,322,379,71,397,53,579,219,593,205,291,176,307,160,578,416,594,400,381,637,397,621,385,164,401,148,576,639,592,623,148,385,162,371,580,515,594,501
c1_2.jpg,45,16,61,0,240,16,256,0,457,600,477,580,368,191,384,175,504,191,520,175,186,489,202,473,528,477,542,463,44,583,60,567,305,322,321,306,242,583,258,567,45,433,59,419,156,64,176,44,409,598,427,580,182,322,198,306,44,138,62,120,474,268,490,252,475,316,489,302,236,491,254,473,242,138,256,124,332,477,346,463,475,364,489,350,47,237,59,225
c1_3.jpg,0,398,16,382,580,181,600,161,306,456,322,440,472,453,490,435,567,594,583,578,579,230,599,210,567,399,585,381,-1,592,15,576,123,593,139,577,463,110,477,96,172,271,190,253,252,164,268,148,302,163,316,149,419,593,433,579,175,135,191,119,122,398,140,380,474,401,490,385,347,163,365,145,306,332,322,316,463,306,477,292,225,590,237,578
c10_0.jpg,418,48,436,30,597,130,615,112,164,48,184,28,92,47,110,29,487,49,507,29,560,49,580,29,598,193,616,175,322,592,336,578,483,497,499,481,481,435,499,417,234,368,246,356,271,590,283,578,353,448,363,438,22,47,40,29,625,432,641,416,517,288,527,278,115,292,125,282,345,84,355,74,234,86,244,76,345,366,355,356,447,363,457,353,9,565,29,545,445,89,465,69,240,497,260,477,572,255,582,245,517,182,529,170,460,218,470,208,108,93,128,73,242,456,262,436,624,495,640,479,514,326,524,316,460,284,470,274,555,363,565,353,572,307,582,297,349,496,367,478,15,599,25,589,119,607,139,587,122,558,132,548,460,251,470,241,115,226,125,216,203,591,223,571,461,326,473,314,114,259,124,249,30,422,40,412,48,301,58,291,167,449,177,439,112,198,124,186,48,249,58,239,352,528,362,518,81,421,91,411,446,195,466,175,239,534,259,514,165,590,185,570,164,518,184,498,48,519,68,499,69,482,89,462,17,483,37,463,26,371,46,351,52,369,72,349,79,370,99,350
c10_1.jpg,590,436,608,418,508,615,526,597,590,184,610,164,589,507,609,487,589,580,609,560,269,70,289,50,445,616,463,598,591,110,609,92,204,643,222,625,46,336,60,322,141,499,157,483,203,499,221,481,190,363,200,353,591,40,609,22,553,355,565,343,48,283,60,271,270,246,282,234,350,527,360,517,346,125,356,115,75,31,95,11,272,355,282,345,552,244,562,234,275,457,285,447,419,470,429,460,143,260,163,240,379,588,399,568,551,465,571,445,386,470,396,460,457,529,469,517,312,472,322,462,184,262,204,242,545,128,565,108,143,640,159,624,275,565,285,555,331,582,341,572,144,367,162,349,80,132,90,122,412,125,422,115,33,139,53,119,49,225,69,205,313,524,323,514,39,25,49,15,379,124,389,114,389,58,399,48,349,477,369,457,53,184,71,166,189,177,199,167,337,58,347,48,400,496,412,484,110,362,120,352,440,124,452,112,216,39,226,29,216,91,226,81,159,38,179,18,121,68,141,48,159,90,179,70,271,99,291,79,270,45,290,25,123,183,143,163,106,260,126,240,446,464,466,444
c10_2.jpg,30,220,48,202,480,156,498,138,28,474,48,454,29,546,47,528,29,151,49,131,175,40,193,22,29,78,49,58,111,42,131,22,578,316,592,302,356,404,368,392,417,157,435,139,578,367,590,355,438,285,448,275,30,615,48,597,73,294,85,282,417,12,433,-4,76,404,86,394,278,121,288,111,282,523,292,513,353,191,363,181,539,625,559,605,209,178,219,168,355,292,365,282,65,195,85,175,585,521,605,501,474,399,494,379,170,122,182,110,316,124,326,114,548,516,558,506,73,530,93,510,349,89,369,69,434,400,454,380,274,178,284,168,245,66,255,56,297,66,307,56,226,312,246,292,472,285,490,267,479,14,495,-2,568,438,586,420,241,178,251,168,314,177,326,165,291,590,301,580,439,471,449,461,216,523,226,513,589,624,599,614,186,526,198,514,239,590,249,580,518,288,530,276,412,608,422,598,249,523,259,513,411,557,421,547,515,400,535,380,498,476,518,456,570,476,590,456,500,593,520,573,462,572,482,552,463,624,483,604,351,615,371,595,350,589,370,569,350,561,370,541,175,195,195,175
c10_3.jpg,202,608,220,590,138,158,156,140,454,610,474,590,131,609,151,589,58,609,78,589,22,463,40,445,568,291,588,271,528,609,546,591,22,527,42,507,-5,222,13,204,302,60,316,46,139,221,157,203,597,610,617,590,392,282,404,270,275,200,285,190,282,565,294,553,355,60,367,48,394,562,404,552,513,356,523,346,111,360,121,350,181,285,191,275,609,95,629,75,166,322,176,312,168,429,178,419,282,283,292,273,379,164,399,144,501,54,521,34,595,290,615,270,168,396,178,386,506,90,516,80,175,571,195,551,110,469,122,457,69,291,89,271,378,204,398,184,510,567,530,547,56,341,66,331,56,393,66,383,267,166,285,148,-2,159,14,143,114,323,124,313,420,70,438,52,580,399,590,389,454,71,472,53,168,364,178,354,461,199,471,189,513,422,523,412,580,347,590,337,614,49,624,39,276,120,288,108,513,389,523,379,514,452,526,440,179,460,189,450,547,226,557,216,381,126,401,106,457,142,477,122,552,179,572,159,574,142,594,122,604,178,624,158,595,233,615,213,543,291,563,271
c11_0.jpg,325,265,345,245,130,379,150,359,168,264,188,244,246,382,266,362,131,263,151,243,206,379,226,359,325,380,345,360,167,379,187,359,207,263,227,243,481,206,501,186,56,97,72,81,277,604,293,588,286,263,306,243,481,167,501,147,430,401,450,381,278,195,294,179,363,380,383,360,246,263,264,245,481,50,499,32,24,235,44,215,345,535,365,515,83,370,103,350,80,274,100,254,217,58,235,40,64,61,84,41,16,138,36,118,83,129,103,109,25,197,45,177,25,372,45,352,25,273,45,253,25,410,45,390,25,448,45,428,14,517,34,497,54,556,74,536,82,518,102,498,74,594,94,574,209,526,229,506,209,487,229,467,209,448,229,428,276,449,296,429,287,380,307,360,345,459,365,439,480,440,500,420,480,478,500,458,432,555,452,535,229,594,249,574,326,593,346,573,481,594,501,574,548,526,568,506,607,527,627,507,549,373,569,353,549,274,569,254,432,246,452,226,423,284,443,264,364,265,384,245,423,361,443,341,345,187,365,167,345,109,365,89,325,51,345,31,278,41,298,21,209,119,229,99,209,158,229,138,209,197,229,177,432,90,452,70,549,118,569,98,606,119,626,99
c11_1.jpg,124,36,144,16,86,75,106,55,47,94,67,74,124,103,144,83,270,103,290,83,270,44,290,24,231,45,251,25,192,45,212,25,260,152,280,132,260,191,280,171,260,230,280,210,260,268,280,248,193,228,213,208,152,229,172,209,114,229,134,209,47,249,67,229,37,298,57,278,48,346,68,326,192,296,212,276,260,307,280,287,260,345,280,325,183,365,203,345,105,365,125,345,86,452,106,432,46,501,66,481,163,502,183,482,203,501,223,481,240,452,260,432,279,442,299,422,260,384,280,364,357,443,377,423,377,385,397,365,377,345,397,325,377,307,397,287,377,267,397,247,376,229,396,209,377,191,397,171,377,153,397,133,367,103,387,83,367,45,387,25,406,46,426,26,445,44,465,24,503,35,523,15,512,103,532,83,541,74,561,54,580,84,600,64,445,229,465,209,484,229,504,209,522,229,542,209,580,238,600,218,445,297,465,277,600,297,620,277,533,365,553,345,590,345,610,325,455,365,475,345,396,453,416,433,436,499,456,479,474,500,494,480,551,451,571,431,591,501,611,481,521,568,541,548,367,568,387,548,271,570,291,550,114,568,134,548,114,627,134,607,522,627,542,607
c11_2.jpg,98,36,122,12,98,94,122,70,253,95,277,71,349,94,373,70,505,94,529,70,506,36,530,12,30,162,54,138,68,212,92,188,147,162,171,138,185,162,209,138,223,211,247,187,262,220,286,196,341,221,365,197,379,211,403,187,417,164,441,140,456,164,480,140,533,211,557,187,572,163,596,139,514,298,538,274,437,298,461,274,359,278,383,254,359,317,383,293,427,366,451,342,572,319,596,295,582,366,606,342,572,414,596,390,504,433,528,409,465,434,489,410,427,434,451,410,359,435,383,411,359,395,383,371,359,356,383,332,358,473,382,449,358,512,382,488,350,560,374,536,350,618,374,594,387,618,411,594,426,619,450,595,495,560,519,536,534,589,558,565,495,629,519,605,243,280,267,256,243,318,267,294,243,356,267,332,243,395,267,371,243,433,267,409,243,471,267,447,243,512,267,488,251,560,275,536,252,617,276,593,214,618,238,594,174,618,198,594,117,628,141,604,78,589,102,565,105,560,129,536,39,580,63,556,175,434,199,410,175,367,199,343,165,298,189,274,87,298,111,274,30,318,54,294,20,365,44,341,39,425,63,401,98,433,122,409
c11_3.jpg,142,68,162,48,190,105,210,85,277,126,297,106,297,67,317,47,345,58,365,38,393,68,413,48,413,134,433,114,549,68,569,48,567,107,587,87,607,145,627,125,538,144,558,124,413,176,433,156,345,214,365,194,412,213,432,193,277,203,297,183,141,184,161,164,72,134,92,114,16,135,36,115,142,223,162,203,190,262,210,242,258,281,278,261,296,281,316,261,335,281,355,261,374,282,394,262,411,281,431,261,452,281,472,261,490,280,510,260,538,292,558,272,597,290,617,270,597,252,617,232,597,212,617,192,597,388,617,368,597,428,617,408,597,466,617,446,539,388,559,368,491,398,511,378,451,396,471,376,413,396,433,376,374,397,394,377,336,397,356,377,297,397,317,377,258,397,278,377,199,378,219,358,200,300,220,280,74,290,94,270,74,387,94,367,15,543,35,523,73,544,93,524,190,572,210,552,141,611,161,591,296,611,316,591,277,554,297,534,277,475,297,455,346,465,366,445,413,465,433,445,413,502,433,482,412,543,432,523,403,600,423,580,345,621,365,601,539,533,559,513,608,523,628,503,567,562,587,542,557,600,577,580,141,494,161,474,190,417,210,397,140,455,160,435
c12_0.jpg,590,94,610,74,554,93,574,73,517,93,537,73,481,94,501,74,435,76,455,56,391,76,411,56,354,76,374,56,308,66,328,46,290,120,310,100,218,121,238,101,217,175,237,155,289,174,309,154,362,192,382,172,508,193,528,173,590,193,610,173,580,274,600,254,544,275,564,255,508,230,528,210,508,275,528,255,471,274,491,254,363,229,383,209,299,229,319,209,263,274,283,254,318,292,338,272,226,276,246,256,191,274,211,254,154,229,174,209,163,64,183,44,117,84,137,64,118,229,138,209,118,275,138,255,155,275,175,255,81,275,101,255,44,275,64,255,45,229,65,209,46,93,66,73,45,384,65,364,81,383,101,363,118,384,138,364,155,385,175,365,189,384,209,364,226,383,246,363,263,383,283,363,317,366,337,346,471,384,491,364,508,383,528,363,544,383,564,363,580,384,600,364,590,474,610,454,507,430,527,410,507,466,527,446,362,428,382,408,362,465,382,445,299,428,319,408,153,429,173,409,116,428,136,408,45,438,65,418,116,574,136,554,161,600,181,580,217,537,237,517,218,483,238,463,289,482,309,462,290,537,310,517,307,600,327,580,353,592,373,572,390,593,410,573,436,593,456,573,480,573,500,553,517,573,537,553,552,574,572,554,590,575,610,555
c12_1.jpg,65,65,85,45,201,65,221,45,256,64,276,44,364,64,384,44,410,65,430,45,546,64,566,44,554,136,574,116,573,181,593,161,411,138,431,118,364,137,384,117,363,100,383,80,255,100,275,80,256,137,276,117,256,173,276,153,256,210,276,190,257,246,277,226,256,282,276,262,157,237,177,217,211,173,231,153,210,138,230,118,64,137,84,117,38,182,58,162,102,237,122,217,156,310,176,290,211,319,231,299,274,337,294,317,348,338,368,318,365,282,385,262,366,247,386,227,364,210,384,190,365,174,385,154,412,173,432,153,464,237,484,217,519,237,539,217,520,310,540,290,464,309,484,289,575,326,595,306,564,373,584,353,565,408,585,388,566,454,586,434,546,499,566,479,547,536,567,516,546,572,566,552,547,608,567,588,447,528,467,508,447,382,467,362,410,318,430,298,410,381,430,361,411,527,431,507,364,491,384,471,365,526,385,506,365,564,385,544,365,601,385,581,447,608,467,588,257,490,277,470,256,528,276,508,256,564,276,544,254,600,274,580,209,526,229,506,175,528,195,508,211,381,231,361,174,382,194,362,100,310,120,290,39,327,59,307,48,373,68,353,47,409,67,389,48,455,68,435,67,501,87,481,66,537,86,517,65,573,85,553,66,608,86,588,166,610,186,590
c12_2.jpg,73,50,93,30,73,87,93,67,74,124,94,104,73,159,93,139,54,205,74,185,56,251,76,231,55,287,75,267,46,332,66,312,100,351,120,331,173,278,193,258,173,132,193,112,172,50,192,30,255,59,275,39,254,96,274,76,254,132,274,112,209,133,229,113,362,60,382,40,365,96,385,76,364,132,384,112,408,132,428,112,445,131,465,111,454,50,474,30,554,50,574,30,554,86,574,66,554,122,574,102,554,159,574,139,573,205,593,185,573,251,593,231,573,286,593,266,581,333,601,313,517,349,537,329,254,169,274,149,365,169,385,149,408,277,428,257,444,277,464,257,464,350,484,330,408,340,428,320,344,322,364,302,273,322,293,302,209,277,229,257,209,341,229,321,156,350,176,330,253,377,273,357,363,377,383,357,462,422,482,402,362,413,382,393,516,421,536,401,581,477,601,457,555,521,575,501,410,486,430,466,407,521,427,501,363,449,383,429,363,486,383,466,363,522,383,502,364,557,384,537,362,594,382,574,418,595,438,575,554,594,574,574,253,414,273,394,254,449,274,429,155,421,175,401,99,423,119,403,45,476,65,456,63,522,83,502,208,485,228,465,253,486,273,466,255,522,275,502,254,559,274,539,254,594,274,574,209,594,229,574,208,521,228,501,73,595,93,575
c12_3.jpg,30,87,52,65,66,86,88,64,101,87,123,65,139,87,161,65,184,69,206,47,229,68,251,46,265,68,287,46,311,60,333,38,456,59,478,37,501,86,523,64,573,86,595,64,400,122,422,100,328,123,350,101,109,194,131,172,28,186,50,164,110,231,132,209,255,195,277,173,328,176,350,154,402,177,424,155,319,231,341,209,465,231,487,209,502,232,524,210,573,223,595,201,574,277,596,255,538,277,560,255,501,277,523,255,465,276,487,254,429,277,451,255,392,277,414,255,356,277,378,255,301,296,323,274,256,232,278,210,147,277,169,255,111,278,133,256,74,276,96,254,39,276,61,254,38,386,60,364,74,385,96,363,110,385,132,363,148,386,170,364,301,368,323,346,355,386,377,364,392,386,414,364,429,386,451,364,465,386,487,364,501,386,523,364,538,386,560,364,574,387,596,365,574,431,596,409,502,432,524,410,465,432,487,410,319,431,341,409,256,431,278,409,257,467,279,445,111,431,133,409,109,467,131,445,28,468,50,446,29,567,51,545,65,567,87,545,101,567,123,545,138,566,160,544,183,585,205,563,229,586,251,564,264,586,286,564,309,594,331,572,328,540,350,518,328,485,350,463,402,485,424,463,401,540,423,518,455,593,477,571,501,577,523,555,573,566,595,544
c13_0.jpg,409,49,431,27,509,48,531,26,518,128,540,106,563,174,585,152,519,182,541,160,519,216,541,194,518,249,540,227,518,283,540,261,563,291,585,269,601,357,623,335,522,362,544,340,526,414,548,392,419,129,441,107,335,116,357,94,417,182,439,160,340,174,362,152,417,217,439,195,419,249,441,227,419,282,441,260,419,320,441,298,423,362,445,340,410,416,432,394,340,290,362,268,292,225,314,203,265,164,287,142,198,157,220,135,240,224,262,202,182,232,204,210,198,282,220,260,207,332,229,310,290,321,312,299,108,234,130,212,82,159,104,137,33,183,55,161,33,217,55,195,33,250,55,228,82,282,104,260,33,283,55,261,133,424,155,402,208,432,230,410,14,541,36,519,80,541,102,519,133,541,155,519,207,541,229,519,274,540,296,518,340,541,362,519,470,542,492,520,535,540,557,518,601,541,623,519
c13_1.jpg,99,100,121,78,99,155,121,133,214,155,236,133,207,229,229,207,98,230,120,208,97,296,119,274,99,362,121,340,223,433,245,411,278,445,300,423,319,441,341,419,356,441,378,419,389,441,411,419,423,441,445,419,455,441,477,419,510,441,532,419,464,362,486,340,347,362,369,340,318,313,340,291,414,314,436,292,414,263,436,241,475,289,497,267,481,221,503,199,406,205,428,183,356,221,378,199,306,230,328,208,356,105,378,83,356,55,378,33,389,55,411,33,423,55,445,33,456,56,478,34,480,105,502,83,406,130,428,108,523,357,545,335,589,433,611,411,510,540,532,518,464,586,486,564,456,540,478,518,423,541,445,519,390,542,412,520,356,540,378,518,347,586,369,564,276,545,298,523,222,549,244,527,282,624,304,602,589,532,611,510,99,491,121,469,99,558,121,536,99,622,121,600
c13_2.jpg,519,37,541,15,518,104,540,82,519,170,541,148,335,38,357,16,393,112,415,90,340,116,362,94,269,75,291,53,261,119,283,97,227,121,249,99,195,120,217,98,161,120,183,98,154,75,176,53,107,121,129,99,29,129,51,107,29,229,51,207,107,221,129,199,161,220,183,198,195,221,217,199,228,221,250,199,262,221,284,199,299,221,321,199,340,217,362,195,394,228,416,206,518,299,540,277,519,365,541,343,518,431,540,409,411,432,433,410,518,507,540,485,519,561,541,539,403,507,425,485,312,433,334,411,261,440,283,418,269,299,291,277,299,349,321,327,202,347,224,325,153,300,175,278,94,303,116,281,142,373,164,351,203,399,225,377,211,457,233,435,136,440,158,418,211,532,233,510,261,556,283,534,260,607,282,585,228,607,250,585,195,607,217,585,161,608,183,586,137,557,159,535,517,627,539,605
c13_3.jpg,14,120,36,98,81,120,103,98,148,121,170,99,276,119,298,97,344,120,366,98,410,120,432,98,484,121,506,99,538,120,560,98,604,120,626,98,409,229,431,207,484,237,506,215,409,328,431,306,417,377,439,355,533,377,555,355,584,377,606,355,585,412,607,390,508,428,530,406,585,445,607,423,584,478,606,456,534,503,556,481,435,428,457,406,418,503,440,481,376,437,398,415,327,341,349,319,323,436,345,414,351,497,373,475,278,488,300,466,277,370,299,348,207,246,229,224,194,299,216,277,198,341,220,319,198,379,220,357,199,411,221,389,198,445,220,423,198,478,220,456,198,532,220,510,281,545,303,523,206,610,228,588,90,245,112,223,95,300,117,278,99,379,121,357,99,411,121,389,98,445,120,423,99,478,121,456,99,532,121,510,53,487,75,465,52,369,74,347,16,304,38,282,107,612,129,590
c14_1.jpg,179,104,201,82,253,104,275,82,337,75,359,53,374,76,396,54,412,76,434,54,448,76,470,54,522,67,544,45,578,66,600,44,569,130,591,108,486,131,508,109,448,186,470,164,411,186,433,164,448,242,470,220,393,270,415,248,374,186,396,164,337,187,359,165,337,242,359,220,253,159,275,137,51,104,73,82,50,163,72,141,49,237,71,215,171,307,193,285,281,307,303,285,393,345,415,323,448,371,470,349,336,371,358,349,402,445,424,423,469,474,491,452,476,538,498,516,401,503,423,481,393,566,415,544,338,538,360,516,281,565,303,543,171,566,193,544,179,390,201,368,50,390,72,368,50,312,72,290,50,455,72,433,53,530,75,508,50,603,72,581
c14_0.jpg,45,61,67,39,108,70,130,48,45,117,67,95,109,154,131,132,165,191,187,169,220,191,242,169,248,245,270,223,349,190,371,168,453,170,475,148,516,163,538,141,545,246,567,224,480,237,502,215,423,237,445,215,516,302,538,280,543,357,565,335,544,468,566,446,581,589,603,567,507,589,529,567,433,589,455,567,369,459,391,437,350,302,372,280,322,246,344,224,285,357,307,335,220,302,242,280,165,302,187,280,164,265,186,243,164,228,186,206,53,190,75,168,54,228,76,206,54,265,76,243,54,301,76,279,81,384,103,362,136,385,158,363,82,459,104,437,284,469,306,447,216,589,238,567,289,590,311,568,368,589,390,567,140,588,162,566,82,589,104,567
c14_2.jpg,566,57,588,35,566,132,588,110,446,95,468,73,566,206,588,184,567,271,589,249,567,349,589,327,567,424,589,402,567,498,589,476,567,558,589,536,446,355,468,333,437,271,459,249,437,558,459,536,364,503,386,481,364,558,386,536,336,356,358,334,280,290,302,268,225,318,247,296,225,392,247,370,280,419,302,397,280,474,302,452,242,475,264,453,169,419,191,397,206,475,228,453,169,475,191,453,131,530,153,508,169,586,191,564,205,586,227,564,243,587,265,565,279,586,301,564,93,594,115,572,39,595,61,573,49,531,71,509,169,290,191,268,215,216,237,194,148,187,170,165,142,124,164,102,215,159,237,137,280,124,302,102,336,96,358,74,224,95,246,73
c14_3.jpg,36,73,58,51,110,72,132,50,184,72,206,50,249,73,271,51,327,73,349,51,402,73,424,51,475,72,497,50,535,73,557,51,536,203,558,181,536,277,558,255,564,360,586,338,564,397,586,375,564,433,586,411,564,471,586,449,573,544,595,522,573,601,595,579,508,591,530,569,509,508,531,486,452,471,474,449,453,434,475,412,453,397,475,375,453,360,475,338,397,360,419,338,369,415,391,393,397,471,419,449,332,304,354,282,480,277,502,255,332,192,354,170,249,203,271,181,72,193,94,171,74,304,96,282,102,360,124,338,73,415,95,393,136,425,158,403,194,424,216,402,268,359,290,337,296,416,318,394,268,471,290,449,165,492,187,470,102,499,124,477
c15_0.jpg,274,146,296,124,318,148,340,126,275,220,297,198,411,284,433,262,457,356,479,334,491,356,513,334,527,356,549,334,593,284,615,262,577,147,599,125,549,39,571,17,474,41,496,19,403,40,425,18,207,39,229,17,136,40,158,18,63,37,85,15,17,147,39,125,17,221,39,199,46,293,68,271,93,358,115,336,129,358,151,336,166,357,188,335,210,357,232,335,256,430,278,408,364,430,386,408,393,356,415,334,549,430,571,408,548,485,570,463,516,541,538,519,441,539,463,517,256,503,278,481,256,576,278,554,73,431,95,409,73,503,95,481
c15_1.jpg,345,69,367,47,418,39,440,17,492,39,514,17,600,85,622,63,601,161,623,139,600,233,622,211,492,297,514,275,419,298,441,276,492,340,514,318,599,424,621,402,601,497,623,475,493,599,515,577,601,570,623,548,354,433,376,411,283,415,305,393,209,388,231,366,209,279,231,257,283,233,305,211,282,189,304,167,281,151,303,129,282,115,304,93,208,96,230,74,136,95,158,73,135,280,157,258,101,464,123,442,63,280,85,258,283,481,305,459,283,514,305,492,283,551,305,529,355,617,377,595,210,571,232,549,154,571,176,549,100,539,122,517
c15_2.jpg,262,45,284,23,335,111,357,89,408,91,430,69,463,91,485,69,518,123,540,101,517,197,539,175,335,148,357,126,334,181,356,159,335,245,357,223,408,275,430,253,481,382,503,360,554,382,576,360,407,382,429,360,262,228,284,206,125,63,147,41,17,91,39,69,17,164,39,142,16,237,38,215,126,321,148,299,198,365,220,343,126,365,148,343,335,430,357,408,335,473,357,451,336,510,358,488,336,545,358,523,408,567,430,545,481,568,503,546,272,593,294,571,17,429,39,407,18,500,40,478,17,576,39,554,126,622,148,600,198,623,220,601
c15_3.jpg,360,84,382,62,543,158,565,136,544,231,566,209,524,303,546,281,488,304,510,282,450,304,472,282,407,305,429,283,361,158,383,136,360,231,382,209,341,441,363,419,342,513,364,491,298,513,320,491,570,368,592,346,600,440,622,418,601,514,623,492,553,623,575,601,479,623,501,601,405,623,427,601,214,623,236,601,142,623,164,601,69,623,91,601,41,514,63,492,205,377,227,355,224,305,246,283,252,232,274,210,158,304,180,282,125,304,147,282,89,305,111,283,69,231,91,209,69,176,91,154,100,121,122,99,174,124,196,102,22,377,44,355
c16_0.jpg,587,109,609,87,412,110,434,88,458,180,480,158,488,180,510,158,524,180,546,158,394,181,416,159,367,250,389,228,543,250,565,228,543,304,565,282,513,356,535,334,441,355,463,333,263,320,285,298,263,251,285,229,218,180,240,158,177,180,199,158,141,181,163,159,107,181,129,159,63,120,85,98,33,50,55,28,279,49,301,27,596,451,618,429,543,460,565,438,524,530,546,508,595,521,617,499,491,530,513,508,457,530,479,508,367,460,389,438,263,391,285,369,264,460,286,438,346,531,368,509,314,531,336,509,280,530,302,508,561,618,583,596,490,618,512,596,421,619,443,597,379,619,401,597,264,618,286,596,175,531,197,509,143,531,165,509,107,531,129,509,86,461,108,439,27,452,49,430,88,320,110,298,88,251,110,229,27,522,49,500,87,619,109,597
c16_1.jpg,591,56,613,34,520,85,542,63,458,129,480,107,459,163,481,141,459,200,481,178,459,241,481,219,389,286,411,264,589,303,611,281,529,433,551,411,459,417,481,395,389,390,411,368,459,479,481,457,459,511,481,489,459,546,481,524,527,609,549,587,387,566,409,544,336,566,358,544,282,536,304,514,285,464,307,442,317,285,339,263,248,285,270,263,180,286,202,264,178,388,200,366,109,369,131,347,108,336,130,314,108,302,130,280,108,196,130,174,107,164,129,142,108,129,130,107,178,109,200,87,319,110,341,88,389,109,411,87,188,50,210,28,118,50,140,28,22,109,44,87,23,287,45,265,21,400,43,378,21,443,43,421,108,479,130,457,109,512,131,490,109,547,131,525,179,565,201,543,188,618,210,596,118,619,140,597,21,582,43,560,21,512,43,490
c16_2.jpg,438,96,460,74,509,114,531,92,508,148,530,126,509,184,531,162,596,149,618,127,597,79,619,57,500,43,522,21,430,44,452,22,88,52,110,30,157,115,179,93,229,96,251,74,281,97,303,75,334,127,356,105,334,198,356,176,438,272,460,250,596,218,618,196,597,259,619,237,596,375,618,353,508,291,530,269,509,325,531,303,508,358,530,336,508,464,530,442,509,497,531,475,508,532,530,510,596,552,618,530,438,376,460,354,368,375,390,353,298,376,320,354,228,376,250,354,229,272,251,250,157,245,179,223,158,182,180,160,159,151,181,129,88,227,110,205,26,359,48,337,158,421,180,399,159,462,181,440,159,498,181,476,158,532,180,510,228,550,250,528,298,552,320,530,438,553,460,531,429,612,451,590,500,613,522,591,97,576,119,554,26,606,48,584
c16_3.jpg,55,43,77,21,126,43,148,21,197,43,219,21,237,42,259,20,353,44,375,22,529,42,551,20,510,131,532,109,589,139,611,117,475,131,497,109,442,131,464,109,337,130,359,108,304,131,326,109,271,131,293,109,530,201,552,179,590,211,612,189,354,200,376,178,354,270,376,248,250,201,272,179,160,131,182,109,127,131,149,109,92,131,114,109,74,201,96,179,20,139,42,117,20,210,42,188,104,305,126,283,176,307,198,285,353,342,375,320,249,410,271,388,353,410,375,388,398,480,420,458,440,481,462,459,475,480,497,458,509,481,531,459,529,410,551,388,530,341,552,319,555,541,577,519,583,611,605,589,337,611,359,589,223,480,245,458,161,480,183,458,205,551,227,529,129,481,151,459,74,412,96,390,74,358,96,336,93,482,115,460,30,551,52,529
c17_0.jpg,469,48,491,26,529,47,551,25,592,47,614,25,586,282,608,260,612,282,634,260,557,283,579,261,520,243,542,221,472,243,494,221,423,243,445,221,413,165,435,143,364,249,386,227,363,287,385,265,393,339,415,317,440,340,462,318,552,337,574,315,593,367,615,345,592,404,614,382,592,465,614,443,541,434,563,412,345,481,367,459,308,482,330,460,273,482,295,460,262,286,284,264,261,246,283,224,204,162,226,140,149,45,171,23,89,45,111,23,25,45,47,23,570,589,592,567,534,589,556,567,498,588,520,566,460,588,482,566,156,585,178,563,120,586,142,564,83,587,105,565,46,587,68,565,477,368,499,346,476,402,498,380,484,434,506,412,475,466,497,444,443,466,465,444,509,516,531,494,537,516,559,494,563,516,585,494,443,516,465,494,175,514,197,492,175,464,197,442,179,338,201,316,225,337,247,315,195,240,217,218,144,241,166,219,97,241,119,219,60,281,82,259,66,334,88,312,142,366,164,344,142,400,164,378,135,432,157,410,142,463,164,441,108,514,130,492,82,513,104,491,55,514,77,492,77,431,99,409,25,400,47,378,23,366,45,344,32,279,54,257,6,279,28,257,27,463,49,441
c17_1.jpg,360,28,382,6,593,47,615,25,594,110,616,88,594,171,616,149,476,226,498,204,398,118,420,96,399,167,421,145,359,82,381,60,361,56,383,34,273,47,295,25,304,88,326,66,240,48,262,26,177,48,199,26,208,99,230,77,275,164,297,142,302,201,324,179,399,216,421,194,303,247,325,225,354,285,376,263,393,284,415,262,240,164,262,142,209,156,231,134,176,165,198,143,176,196,198,174,126,196,148,174,125,131,147,109,126,104,148,82,127,78,149,56,53,69,75,47,53,106,75,84,53,143,75,121,53,179,75,157,158,296,180,274,159,331,181,309,159,367,181,345,352,385,374,363,389,386,411,364,474,435,496,413,591,490,613,468,591,550,613,528,592,614,614,592,397,445,419,423,397,495,419,473,395,542,417,520,356,580,378,558,300,462,322,440,301,415,323,393,272,499,294,477,237,498,259,476,206,506,228,484,174,498,196,476,174,466,196,444,123,465,145,443,51,483,73,461,51,520,73,498,51,557,73,535,51,595,73,573,124,532,146,510,124,559,146,537,124,585,146,563,206,563,228,541,303,574,325,552,357,608,379,586,358,634,380,612,272,615,294,593,237,615,259,593,174,615,196,593
c17_2.jpg,567,69,589,47,566,105,588,83,567,142,589,120,566,179,588,157,493,76,515,54,493,103,515,81,494,130,516,108,443,47,465,25,411,98,433,76,443,163,465,141,494,196,516,174,444,196,466,174,380,47,402,25,346,47,368,25,315,87,337,65,412,156,434,134,380,164,402,142,345,164,367,142,259,29,281,7,259,55,281,33,261,82,283,60,221,120,243,98,220,165,242,143,318,200,340,178,457,294,479,272,458,330,480,308,458,366,480,344,564,482,586,460,565,520,587,498,563,555,585,533,564,593,586,571,491,465,513,443,493,532,515,510,491,558,513,536,491,585,513,563,441,465,463,443,441,497,463,475,409,506,431,484,409,562,431,540,441,614,463,592,378,497,400,475,377,614,399,592,343,615,365,593,312,573,334,551,343,499,365,477,314,461,336,439,315,415,337,393,263,378,285,356,217,445,239,423,218,495,240,473,219,542,241,520,225,377,247,355,265,276,287,254,317,246,339,224,220,216,242,194,227,276,249,254,142,226,164,204,26,171,48,149,24,110,46,88,25,48,47,26,139,435,161,413,23,490,45,468,23,551,45,529,258,580,280,558,257,607,279,585,257,634,279,612,22,614,44,592
c17_3.jpg,571,76,593,54,535,76,557,54,498,76,520,54,460,76,482,54,563,148,585,126,592,199,614,177,592,262,614,240,593,296,615,274,611,382,633,360,585,383,607,361,552,327,574,305,558,382,580,360,541,231,563,209,537,149,559,127,510,148,532,126,444,148,466,126,475,199,497,177,484,230,506,208,476,262,498,240,476,297,498,275,443,199,465,177,439,325,461,303,520,420,542,398,473,422,495,400,592,617,614,595,529,616,551,594,468,616,490,594,413,499,435,477,423,421,445,399,393,324,415,302,356,416,378,394,355,377,377,355,253,412,275,390,254,375,276,353,344,180,366,158,309,181,331,159,272,182,294,160,157,73,179,51,120,73,142,51,83,73,105,51,46,72,68,50,174,146,196,124,109,145,131,123,81,146,103,124,55,146,77,124,174,195,196,173,142,196,164,174,225,323,247,301,133,228,155,206,142,260,164,238,178,322,200,300,140,293,162,271,77,228,99,206,25,196,47,174,25,259,47,237,24,294,46,272,65,325,87,303,60,379,82,357,195,420,217,398,144,420,166,398,97,418,119,396,32,380,54,358,5,380,27,358,204,496,226,474,149,614,171,592,89,615,111,593,26,614,48,592
c18_0.jpg,519,58,541,36,456,59,478,37,394,60,416,38,547,174,569,152,572,338,594,316,525,337,547,315,507,253,529,231,479,298,501,276,452,298,474,276,425,298,447,276,388,252,410,230,439,348,461,326,570,414,592,392,523,413,545,391,547,480,569,458,515,479,537,457,398,478,420,456,436,528,458,506,464,529,486,507,489,530,511,508,546,531,568,509,541,566,563,544,490,567,512,545,456,601,478,579,415,602,437,580,329,529,351,507,303,529,325,507,275,528,297,506,208,478,230,456,178,527,200,505,187,602,209,580,151,602,173,580,113,602,135,580,76,601,98,579,59,529,81,507,125,529,147,507,153,528,175,506,157,446,179,424,209,414,231,392,209,379,231,357,283,349,305,327,324,348,346,326,253,254,275,232,263,174,285,152,312,174,334,152,300,114,322,92,301,58,323,36,208,55,230,33,146,56,168,34,83,56,105,34,28,175,50,153,89,254,111,232,136,254,158,232,227,291,249,269,201,292,223,270,175,293,197,271,169,348,191,326,55,351,77,329,37,253,59,231,7,350,29,328,92,380,114,358,91,415,113,393,100,446,122,424,91,478,113,456,59,478,81,456
c18_1.jpg,37,96,59,74,110,80,132,58,161,80,183,58,288,76,310,54,290,29,312,7,387,60,409,38,387,111,409,89,466,50,488,28,583,106,605,84,385,158,407,136,583,168,605,146,583,231,605,209,464,286,486,264,385,276,407,254,347,250,369,228,347,223,369,201,346,196,368,174,291,190,313,168,465,335,487,313,525,325,547,303,579,324,601,302,579,417,601,395,580,479,602,457,580,542,602,520,465,571,487,549,386,528,408,506,387,411,409,389,342,447,364,425,341,474,363,452,341,501,363,479,292,347,314,325,291,305,313,283,290,461,312,439,302,546,324,524,300,594,322,572,225,592,247,570,226,545,248,523,159,569,181,547,161,537,183,515,109,568,131,546,74,563,96,541,39,596,61,574,109,512,131,490,110,485,132,463,112,458,134,436,161,420,183,398,39,438,61,416,39,478,61,456,74,512,96,490,111,352,133,330,111,325,133,303,112,297,134,275,260,232,282,210,225,231,247,209,161,230,183,208,194,179,216,157,226,113,248,91,260,114,282,92,193,121,215,99,162,113,184,91,111,148,133,126,111,175,133,153,111,201,133,179,37,210,59,188,37,173,59,151,37,136,59,114
c18_2.jpg,578,67,600,45,544,99,566,77,508,93,530,71,507,149,529,127,544,150,566,128,578,184,600,162,578,224,600,202,507,176,529,154,506,204,528,182,456,242,478,220,506,310,528,288,507,336,529,314,505,365,527,343,505,461,527,439,578,451,600,429,580,489,602,467,579,526,601,504,579,564,601,542,506,488,528,466,507,514,529,492,456,549,478,527,506,581,528,559,455,581,477,559,455,431,477,409,423,482,445,460,424,541,446,519,392,548,414,526,357,549,379,527,329,584,351,562,392,431,414,409,356,430,378,408,326,356,348,334,326,314,348,292,326,200,348,178,392,116,414,94,457,92,479,70,455,123,477,101,392,69,414,47,316,68,338,46,316,114,338,92,277,161,299,139,275,188,297,166,275,214,297,192,231,133,253,111,231,251,253,229,232,386,254,364,325,471,347,449,271,466,293,444,270,438,292,416,269,412,291,390,152,376,174,354,153,328,175,306,92,339,114,317,37,338,59,316,33,432,55,410,33,494,55,472,232,504,254,482,230,551,252,529,231,602,253,580,328,633,350,611,152,611,174,589,152,91,174,69,37,120,59,98,37,183,59,161,37,245,59,223,33,556,55,534
c18_3.jpg,541,61,563,39,559,133,581,111,504,60,526,38,466,59,488,37,429,59,451,37,492,132,514,110,558,183,580,161,526,183,548,161,518,216,540,194,527,247,549,225,526,283,548,261,562,311,584,289,609,311,631,289,579,409,601,387,529,409,551,387,481,407,503,385,442,368,464,346,449,313,471,291,460,217,482,195,465,134,487,112,439,134,461,112,409,184,431,162,408,247,430,225,408,283,430,261,416,370,438,348,389,370,411,348,335,314,357,292,293,314,315,292,342,135,364,113,314,133,336,111,288,133,310,111,201,60,223,38,162,62,184,40,181,133,203,111,220,184,242,162,154,132,176,110,127,95,149,73,128,132,150,110,75,96,97,74,70,131,92,109,44,60,66,38,102,183,124,161,70,182,92,160,94,248,116,226,47,247,69,225,45,323,67,301,93,324,115,302,178,312,200,290,193,365,215,343,229,409,251,387,364,407,386,385,353,487,375,465,305,487,327,465,589,487,611,465,533,605,555,583,472,606,494,584,409,606,431,584,316,602,338,580,316,547,338,525,165,364,187,342,139,363,161,341,111,409,133,387,69,486,91,464,161,601,183,579,222,601,244,579,98,602,120,580
c19_0.jpg,63,79,85,57,126,78,148,56,186,79,208,57,277,78,299,56,370,75,392,53,432,75,454,53,493,76,515,54,547,192,569,170,278,133,300,111,268,192,290,170,604,276,626,254,605,314,627,292,538,269,560,247,487,269,509,247,442,271,464,249,521,366,543,344,567,365,589,343,516,491,538,469,517,542,539,520,615,507,637,485,477,459,499,437,486,491,508,469,485,393,507,371,486,428,508,406,452,542,474,520,500,613,522,591,464,613,486,591,427,613,449,591,390,613,412,591,425,541,447,519,399,541,421,519,421,460,443,438,409,363,431,341,404,309,426,287,377,308,399,286,351,308,373,286,325,271,347,249,315,192,337,170,192,269,214,247,297,363,319,341,368,394,390,372,369,428,391,406,370,491,392,469,303,541,325,519,277,541,299,519,251,541,273,519,256,363,278,341,157,313,179,291,130,314,152,292,104,314,126,292,77,270,99,248,143,363,165,341,58,352,80,330,13,354,35,332,13,428,35,406,61,428,83,406,183,491,205,469,145,541,167,519,119,542,141,520,92,542,114,520,67,491,89,469,36,493,58,471,36,543,58,521,42,577,64,555,92,578,114,556,126,612,148,590,166,612,188,590,11,612,33,590,35,192,57,170
c19_1.jpg,284,33,306,11,211,35,233,13,211,81,233,59,287,80,309,58,370,98,392,76,447,57,469,35,560,86,582,64,561,147,583,125,560,208,582,186,561,300,583,278,507,300,529,278,564,392,586,370,564,454,586,432,564,515,586,493,447,289,469,267,447,338,469,316,369,347,391,325,276,278,298,256,370,215,392,193,332,372,354,350,332,399,354,377,330,426,352,404,369,463,391,441,370,510,392,488,370,559,392,537,448,570,470,548,364,626,386,604,324,626,346,604,274,590,296,568,274,543,296,521,246,507,268,485,276,431,298,409,276,319,298,297,326,178,348,156,325,153,347,131,325,126,347,104,275,164,297,142,148,90,170,68,145,58,167,36,96,59,118,37,61,65,83,43,97,115,119,93,98,141,120,119,98,167,120,145,148,206,170,184,98,273,120,251,27,188,49,166,27,148,49,126,98,299,120,277,100,326,122,304,149,392,171,370,212,391,234,369,245,390,267,368,180,443,202,421,98,447,120,425,99,421,121,399,26,412,48,390,26,449,48,427,26,485,48,463,27,522,49,500,97,474,119,452,180,500,202,478,211,508,233,486,148,539,170,517,148,508,170,486,98,540,120,518,61,114,83,92,27,32,49,10
c19_2.jpg,486,24,508,2,520,121,542,99,468,121,490,99,343,118,365,96,343,71,365,49,292,34,314,12,253,35,275,13,247,101,269,79,247,151,269,129,248,198,270,176,371,154,393,132,405,153,427,131,437,162,459,140,468,153,490,131,519,187,541,165,590,138,612,116,591,176,613,154,591,212,613,190,590,249,612,227,518,214,540,192,518,241,540,219,518,336,540,314,519,363,541,341,519,389,541,367,591,473,613,451,590,513,612,491,519,494,541,472,520,520,542,498,555,547,577,525,520,547,542,525,556,596,578,574,521,603,543,581,590,629,612,607,469,572,491,550,471,603,493,581,406,579,428,557,406,626,428,604,331,627,353,605,331,581,353,559,342,497,364,475,292,510,314,488,292,535,314,513,291,482,313,460,247,446,269,424,341,383,363,361,341,343,363,321,371,271,393,249,405,270,427,248,437,219,459,197,468,269,490,247,340,229,362,207,287,235,309,213,286,262,308,240,286,288,308,266,248,314,270,292,170,324,192,302,170,372,192,350,110,361,132,339,56,362,78,340,57,453,79,431,56,513,78,491,56,576,78,554,170,604,192,582,247,563,269,541,468,455,490,433,52,270,74,248,51,206,73,184,53,146,75,124,169,91,191,69
c19_3.jpg,491,49,513,27,606,49,628,27,574,84,596,62,580,118,602,96,525,84,547,62,451,49,473,27,525,119,547,97,580,167,602,145,549,170,571,148,498,119,520,97,471,120,493,98,433,170,455,148,604,233,626,211,605,308,627,286,557,234,579,212,559,309,581,287,514,347,536,325,540,391,562,369,475,297,497,275,487,347,509,325,460,348,482,326,581,469,603,447,424,391,446,369,362,298,384,276,321,298,343,276,366,120,388,98,340,120,362,98,314,122,336,100,219,120,241,98,247,170,269,148,227,48,249,26,190,48,212,26,153,48,175,26,117,48,139,26,191,121,213,99,165,120,187,98,100,120,122,98,131,170,153,148,140,202,162,180,197,202,219,180,248,233,270,211,249,268,271,246,209,299,231,277,267,353,289,331,292,391,314,369,302,469,324,447,350,470,372,448,340,529,362,507,553,583,575,561,492,582,514,560,431,583,453,561,340,583,362,561,248,586,270,564,186,586,208,564,125,585,147,563,70,470,92,448,177,392,199,370,214,352,236,330,241,353,263,331,100,170,122,148,131,234,153,212,132,268,154,246,96,295,118,273,50,296,72,274,78,391,100,369,130,393,152,371,12,347,34,325,13,386,35,364,2,152,24,130
c2_0.jpg,576,98,596,78,116,364,130,350,268,416,284,400,268,213,284,197,116,60,132,44,116,162,132,146,576,48,596,28,324,548,340,532,598,520,614,504,99,546,117,528,268,60,284,44,273,548,289,532,377,137,395,119,116,111,132,95,34,400,50,384,268,264,284,248,399,210,415,194,150,547,168,529,582,403,600,385,191,35,209,17,34,541,50,525,496,519,510,505,377,86,395,68,269,365,283,351,117,211,131,197,269,160,283,146,399,414,415,398,116,315,132,299,268,315,284,299,376,547,390,533,510,63,520,53,117,262,131,248,265,113,283,95,10,267,26,251,12,64,26,50,581,204,601,184,545,573,563,555,119,412,131,400
c2_1.jpg,540,596,560,576,370,27,386,11,67,563,83,547,590,596,610,576,274,130,288,116,91,168,109,150,578,284,594,268,90,289,106,273,90,340,106,324,476,132,492,116,118,614,134,598,222,284,238,268,97,52,115,34,273,283,287,269,526,132,542,116,324,131,338,117,92,117,110,99,427,415,443,399,91,390,105,376,236,50,254,32,374,284,390,268,234,598,250,582,323,284,339,268,578,132,594,116,427,283,441,269,223,130,237,116,501,395,519,377,551,396,571,376,375,132,391,116,426,131,440,117,118,514,136,496,224,416,242,398,434,601,454,581,476,283,490,269,528,283,544,267,574,26,588,12
c2_2.jpg,499,45,525,19,550,96,576,70,499,147,525,121,527,268,553,242,527,319,553,293,526,369,552,343,392,241,418,215,381,60,407,34,178,59,204,33,76,66,102,40,25,65,51,39,63,264,89,238,116,266,142,240,189,243,215,217,395,376,421,350,344,376,370,350,293,375,319,349,243,375,269,349,192,376,218,350,141,375,167,349,90,374,116,348,40,375,66,349,40,527,66,501,91,528,117,502,142,528,168,502,192,527,218,501,243,528,269,502,293,527,319,501,344,528,370,502,395,528,421,502,525,492,551,466,525,543,551,517,519,609,545,583,380,609,406,583,247,632,273,606,45,632,71,606
c2_3.jpg,466,114,492,88,516,115,542,89,583,119,609,93,501,243,527,217,502,295,528,269,583,259,609,233,606,391,632,365,501,345,527,319,501,397,527,371,501,446,527,420,501,497,527,471,501,548,527,522,502,600,528,574,606,594,632,568,349,244,375,218,349,295,375,269,349,345,375,319,350,396,376,370,350,447,376,421,350,497,376,471,350,549,376,523,350,599,376,573,217,246,243,220,344,111,370,85,294,112,320,86,243,112,269,86,121,139,147,113,70,89,96,63,18,139,44,113,34,257,60,231,34,458,60,432,39,565,65,539,39,614,65,588,218,449,244,423,241,523,267,497,241,575,267,549
c20_0.jpg,548,84,566,66,554,515,572,497,226,166,240,152,304,514,320,498,228,424,242,410,177,460,189,448,236,353,256,333,157,84,169,72,584,326,596,314,157,131,169,119,28,217,48,197,564,171,584,151,172,511,190,493,387,333,399,321,178,327,198,307,109,393,127,375,584,263,598,249,49,505,61,493,568,422,580,410,388,268,398,258,49,460,61,448,298,84,316,66,31,130,41,120,309,482,319,472,31,82,41,72,33,393,45,381,170,107,182,95,181,482,191,472,299,105,309,95,238,226,256,208,111,267,129,249,178,296,196,278,30,311,48,293
c20_1.jpg,554,566,572,548,305,399,317,387,133,61,145,49,285,256,305,236,123,572,141,554,472,240,486,226,124,320,140,304,214,242,228,228,554,169,566,157,311,198,331,178,244,127,262,109,312,598,326,584,555,315,571,299,508,40,518,30,127,190,145,172,215,579,227,567,506,170,518,158,420,50,440,30,467,583,485,565,375,598,389,584,370,398,380,388,179,188,189,178,156,319,166,309,556,41,566,31,179,61,191,49,531,182,543,170,156,191,166,181,372,128,392,108,246,44,256,34,328,49,346,31,344,196,362,178,414,256,432,238,529,314,547,296
c20_2.jpg,66,90,84,72,152,72,164,60,152,412,166,398,448,461,460,449,498,83,514,67,498,334,514,318,410,410,424,396,334,401,352,383,72,481,84,469,314,53,326,41,321,251,333,239,197,610,217,590,410,70,422,58,493,589,505,577,306,463,326,443,67,339,83,323,120,607,130,597,249,54,263,40,120,480,132,468,258,250,268,240,381,528,393,516,72,607,82,597,446,595,462,579,383,604,393,594,472,329,482,319,494,466,510,450,95,468,107,456,472,457,482,447,246,530,266,510,95,341,107,329,206,401,224,383,277,462,295,444,292,608,310,590
c20_3.jpg,574,148,592,130,447,149,465,131,443,171,461,153,447,194,465,176,575,194,593,176,590,259,608,241,591,347,609,329,510,263,528,245,444,330,462,312,394,230,412,212,383,304,401,286,443,362,461,344,511,391,529,373,591,442,609,424,594,522,612,504,383,433,401,415,236,384,254,366,236,321,254,303,453,547,471,529,594,570,612,552,324,545,342,527,316,170,334,152,315,146,339,122,62,145,86,121,53,234,77,210,35,331,59,307,36,394,60,370,55,493,79,469,393,492,417,468,464,525,488,501,464,573,488,549,321,576,345,552,69,575,93,551
c21_0.jpg,305,514,325,494,63,310,79,294,253,230,269,214,226,310,244,292,523,479,541,461,62,151,80,133,309,537,321,525,230,465,248,447,224,150,242,132,320,181,332,169,63,449,73,439,305,446,325,426,223,432,243,412,475,404,491,388,317,318,331,304,401,129,421,109,228,397,242,383,476,129,488,117,405,217,425,197,442,315,462,295,360,244,380,224,474,218,490,202,63,414,73,404,439,215,459,195,506,129,526,109,442,447,458,431,509,75,521,63,357,399,377,379,507,217,525,199,595,405,613,387,531,523,543,511,364,103,376,91,514,404,524,394,480,317,494,303,594,272,614,252,509,319,529,299,407,319,427,299,357,363,377,343
c21_1.jpg,488,79,504,63,328,79,344,63,124,325,144,305,408,269,424,253,562,521,574,509,328,244,346,226,115,541,127,529,159,541,177,523,189,73,199,63,229,494,249,474,505,425,525,405,173,242,185,230,101,321,113,309,320,337,338,319,457,332,469,320,207,242,219,230,192,325,212,305,488,241,504,225,367,614,387,594,423,459,443,439,510,488,522,476,394,380,414,360,423,496,443,476,423,429,443,409,241,242,255,228,509,522,523,508,224,73,234,63,320,463,340,443,239,377,259,357,193,460,209,444,232,614,252,594,421,525,439,507,233,525,245,513,535,374,545,364,321,494,335,480,276,377,296,357,321,427,341,407,320,530,340,510
c21_2.jpg,64,129,76,117,214,385,230,369,494,333,514,313,464,108,476,96,294,575,310,559,292,412,310,394,169,318,181,306,113,233,133,213,428,333,448,313,198,162,214,146,525,329,537,317,132,577,150,559,414,413,432,395,448,411,466,393,383,408,397,394,439,575,449,565,113,133,131,115,132,414,150,396,390,161,406,145,117,162,129,150,404,575,414,565,301,322,321,302,224,278,244,258,389,43,407,25,512,108,524,96,197,197,217,177,197,231,217,211,429,196,445,180,93,274,103,264,374,283,394,263,198,129,214,113,303,160,313,150,298,232,318,212,302,194,314,182,394,124,404,114,299,131,319,111,251,45,271,25,342,283,362,263
c21_3.jpg,314,144,334,124,314,118,334,98,313,212,333,192,178,212,198,192,262,264,282,244,263,297,283,277,212,341,232,321,179,341,199,321,144,341,164,321,111,341,131,321,111,443,131,423,145,443,165,423,179,443,199,423,212,444,232,424,259,416,279,396,260,551,280,531,389,195,417,167,388,228,416,200,388,262,416,234,390,351,418,323,553,351,581,323,553,511,581,483,363,431,391,403,390,511,418,483,299,479,327,451,89,136,117,108,89,183,117,155,140,254,168,226,105,254,133,226,22,256,50,228,20,393,48,365,299,342,327,314,556,210,584,182,210,531,238,503,143,531,171,503,109,532,137,504,110,583,138,555,556,243,584,215
c22_0.jpg,137,356,151,342,137,219,151,205,183,109,197,95,274,219,288,205,273,417,289,401,91,109,105,95,529,330,545,314,137,109,151,95,530,101,544,87,92,355,104,343,90,476,106,460,45,475,59,461,47,355,59,343,413,355,425,343,412,416,426,402,530,237,544,223,183,356,197,342,320,356,334,342,46,110,60,96,320,415,334,401,530,146,544,132,230,218,242,206,367,355,379,343,530,284,544,270,308,560,318,550,230,355,242,343,275,355,287,343,366,218,378,206,184,218,196,206,530,191,544,177,46,218,58,206,412,218,424,206,321,219,333,207,308,606,318,596,365,415,379,401,93,218,105,206,152,560,162,550,273,497,285,485,153,605,163,595,183,497,195,485
c22_1.jpg,282,151,296,137,419,151,433,137,419,288,433,274,529,197,543,183,221,289,237,273,529,105,543,91,308,545,324,529,537,544,551,530,283,104,295,92,162,106,178,90,163,59,177,45,283,59,295,47,283,425,295,413,222,426,236,412,401,544,415,530,282,197,296,183,282,334,296,320,223,334,237,320,492,544,506,530,528,60,542,46,283,379,295,367,354,544,368,530,78,318,88,308,283,242,295,230,283,287,295,275,420,378,432,366,420,196,432,184,447,544,461,530,420,58,432,46,420,424,432,412,419,333,431,321,32,318,42,308,418,243,432,229,223,379,237,365,420,105,432,93,528,151,542,137,78,162,88,152,141,285,153,273,32,163,42,153,141,195,153,183
c22_2.jpg,342,501,356,487,205,501,219,487,95,455,109,441,205,364,219,350,401,365,417,349,205,592,219,578,314,109,330,93,95,501,109,487,87,108,101,94,343,546,355,534,460,548,476,532,461,593,475,579,343,591,355,579,343,225,355,213,223,108,237,94,402,226,416,212,342,318,356,304,342,455,356,441,132,108,146,94,94,547,110,531,96,592,110,578,401,318,415,304,206,408,218,396,343,271,355,259,270,108,284,94,550,330,560,320,206,272,218,260,343,363,355,351,343,408,355,396,206,454,218,442,177,108,191,94,401,272,415,258,206,226,218,214,207,317,219,305,596,330,606,320,206,545,218,533,550,486,560,476,485,365,497,353,595,485,605,475,485,455,497,443
c22_3.jpg,314,49,336,27,469,48,491,26,470,94,492,72,528,181,550,159,573,181,595,159,438,158,460,136,349,158,371,136,314,95,336,73,346,241,368,219,299,241,321,219,255,241,277,219,210,241,232,219,574,301,596,279,529,300,551,278,483,301,505,279,438,301,460,279,391,301,413,279,345,301,367,279,300,302,322,280,255,302,277,280,209,301,231,279,90,328,112,306,91,374,113,352,90,420,112,398,90,465,112,443,90,511,112,489,90,556,112,534,209,437,231,415,255,438,277,416,301,436,323,414,346,437,368,415,392,437,414,415,436,437,458,415,484,437,506,415,529,438,551,416,575,438,597,416,574,548,596,526,529,548,551,526,483,547,505,525,437,547,459,525
c23_0.jpg,35,107,55,87,80,107,100,87,215,106,235,86,259,106,279,86,350,107,370,87,417,107,437,87,463,106,483,86,507,107,527,87,575,107,595,87,576,163,596,143,485,174,505,154,395,152,415,132,349,152,369,132,305,152,325,132,260,153,280,133,215,152,235,132,170,152,190,132,125,152,145,132,80,152,100,132,35,152,55,132,35,287,55,267,80,287,100,267,125,287,145,267,170,287,190,267,215,287,235,267,260,287,280,267,305,286,325,266,350,287,370,267,395,287,415,267,486,265,506,245,600,235,620,215,601,284,621,264,601,332,621,312,601,380,621,360,601,429,621,409,475,343,495,323,430,342,450,322,385,343,405,323,338,342,358,322,295,343,315,323,250,343,270,323,205,342,225,322,160,343,180,323,35,467,55,447,80,467,100,447,160,478,180,458,204,477,224,457,249,477,269,457,295,477,315,457,340,477,360,457,385,478,405,458,429,477,449,457,474,477,494,457,36,546,56,526,82,545,102,525,183,546,203,526,226,545,246,525,295,546,315,526,339,545,359,525,430,522,450,502,565,523,585,503,430,567,450,547,565,567,585,547
c23_1.jpg,94,55,114,35,173,55,193,35,352,55,372,35,487,56,507,36,531,55,551,35,532,100,552,80,487,100,507,80,352,100,372,80,353,145,373,125,487,145,507,125,487,190,507,170,532,235,552,215,488,236,508,216,532,281,552,261,487,281,507,261,487,324,507,304,488,371,508,351,532,370,552,350,532,438,552,418,488,416,508,396,533,483,553,463,532,528,552,508,533,597,553,577,465,505,485,485,477,595,497,575,375,506,395,486,352,415,372,395,352,370,372,350,351,325,371,305,352,280,372,260,352,235,372,215,351,190,371,170,297,180,317,160,297,225,317,205,297,270,317,250,297,315,317,295,297,360,317,340,297,404,317,384,297,450,317,430,296,494,316,474,404,620,424,600,355,621,375,601,307,621,327,601,260,621,280,601,210,621,230,601,117,585,137,565,73,585,93,565,163,494,183,474,161,450,181,430,162,405,182,385,161,359,181,339,162,315,182,295,161,270,181,250,162,224,182,204,162,180,182,160,172,99,192,79,94,100,114,80,95,203,115,183,95,248,115,228,95,314,115,294,94,359,114,339,117,450,137,430,71,450,91,430
c23_2.jpg,214,39,234,19,262,39,282,19,312,39,332,19,359,39,379,19,409,39,429,19,502,75,522,55,547,75,567,55,546,209,566,189,502,210,522,190,456,209,476,189,457,165,477,145,456,255,476,235,523,299,543,279,457,300,477,280,524,345,544,325,457,346,477,326,457,390,477,370,524,412,544,392,457,435,477,415,524,457,544,437,457,479,477,459,524,560,544,540,525,605,545,585,447,560,467,540,446,604,466,584,322,165,342,145,323,210,343,190,322,255,342,235,322,300,342,280,322,345,342,325,322,390,342,370,322,434,342,414,323,480,343,460,266,243,286,223,267,289,287,269,267,334,287,314,267,380,287,360,266,425,286,405,267,470,287,450,267,515,287,495,267,559,287,539,267,605,287,585,142,64,162,44,245,154,265,134,155,154,175,134,86,65,106,45,87,133,107,113,88,177,108,157,86,222,106,202,132,245,152,225,131,289,151,269,133,334,153,314,131,380,151,360,133,426,153,406,132,469,152,449,131,514,151,494,87,425,107,405,87,379,107,359,85,290,105,270,86,558,106,538,131,559,151,539,132,605,152,585,86,605,106,585
c23_3.jpg,54,93,74,73,54,138,74,118,143,182,163,162,189,138,209,118,189,93,209,73,279,115,299,95,324,115,344,95,391,115,411,95,437,116,457,96,538,115,558,95,583,115,603,95,585,192,605,172,539,193,559,173,459,182,479,162,414,182,434,162,369,183,389,163,325,183,345,163,279,182,299,162,235,183,255,163,189,183,209,163,18,230,38,210,18,280,38,260,18,328,38,308,18,375,38,355,18,425,38,405,144,317,164,297,190,318,210,298,235,318,255,298,279,317,299,297,325,317,345,297,369,317,389,297,414,318,434,298,460,317,480,297,584,373,604,353,539,374,559,354,494,372,514,352,449,373,469,353,404,374,424,354,360,373,380,353,315,373,335,353,269,373,289,353,225,373,245,353,134,394,154,374,44,497,64,477,133,485,153,465,224,507,244,487,269,508,289,488,314,508,334,488,360,508,380,488,404,508,424,488,449,508,469,488,494,508,514,488,539,508,559,488,583,508,603,488,584,553,604,533,539,553,559,533,404,553,424,533,359,553,379,533,268,552,288,532,202,554,222,534,156,553,176,533,111,553,131,533,44,552,64,532
c24_0.jpg,29,102,49,82,163,102,183,82,209,102,229,82,344,101,364,81,389,102,409,82,479,102,499,82,546,101,566,81,592,102,612,82,164,147,184,127,208,146,228,126,254,148,274,128,299,146,319,126,344,147,364,127,389,147,409,127,434,147,454,127,479,147,499,127,524,147,544,127,615,170,635,150,95,229,115,209,95,279,115,259,164,282,184,262,209,282,229,262,254,282,274,262,298,282,318,262,344,282,364,262,390,282,410,262,434,282,454,262,479,282,499,262,524,282,544,262,614,259,634,239,289,337,309,317,334,338,354,318,378,338,398,318,424,338,444,318,469,338,489,318,514,338,534,318,559,337,579,317,604,338,624,318,97,327,117,307,94,375,114,355,95,425,115,405,164,461,184,441,209,462,229,442,289,472,309,452,334,472,354,452,378,472,398,452,423,472,443,452,468,472,488,452,514,472,534,452,559,473,579,453,603,472,623,452,164,540,184,520,209,540,229,520,311,540,331,520,357,540,377,520,423,540,443,520,468,540,488,520,559,517,579,497,559,562,579,542
c24_1.jpg,215,115,235,95,537,49,557,29,264,115,284,95,312,116,332,96,360,114,380,94,410,115,430,95,100,184,120,164,177,184,197,164,357,184,377,164,493,183,513,163,538,184,558,164,538,229,558,209,492,229,512,209,492,274,512,254,492,319,512,299,537,364,557,344,492,364,512,344,538,409,558,389,492,410,512,390,492,454,512,434,537,499,557,479,493,499,513,479,492,545,512,525,537,567,557,547,537,612,557,592,357,229,377,209,358,274,378,254,358,319,378,299,358,364,378,344,358,409,378,389,358,455,378,435,357,500,377,480,358,545,378,525,302,308,322,288,302,354,322,334,302,399,322,379,302,444,322,424,302,488,322,468,302,534,322,514,302,579,322,559,301,624,321,604,380,634,400,614,469,635,489,615,178,230,198,210,100,229,120,209,167,310,187,290,168,354,188,334,168,400,188,380,167,445,187,425,167,489,187,469,168,534,188,514,100,444,120,424,100,377,120,357,99,332,119,312,77,579,97,559,100,490,120,470,122,579,142,559,167,580,187,560,167,624,187,604
c24_2.jpg,81,47,101,27,81,93,101,73,127,115,147,95,82,161,102,141,126,160,146,140,127,205,147,185,82,250,102,230,126,250,146,230,127,295,147,275,82,296,102,276,127,340,147,320,127,385,147,365,83,431,103,411,127,430,147,410,82,475,102,455,127,476,147,456,262,115,282,95,261,159,281,139,262,205,282,185,262,250,282,230,262,295,282,275,262,340,282,320,261,385,281,365,261,430,281,410,262,476,282,456,259,545,279,525,210,545,230,525,82,611,102,591,149,25,169,5,240,24,260,4,317,36,337,16,317,80,337,60,317,125,337,105,317,171,337,151,317,216,337,196,318,260,338,240,316,305,336,285,317,351,337,331,452,35,472,15,452,81,472,61,452,126,472,106,452,171,472,151,452,216,472,196,453,261,473,241,452,306,472,286,452,350,472,330,442,430,462,410,307,543,327,523,355,545,375,525,404,544,424,524,441,475,461,455,519,475,539,455,519,431,539,411,519,328,539,308,519,283,539,263,519,216,539,196,520,171,540,151,497,80,517,60,542,81,562,61
c24_3.jpg,59,97,79,77,150,120,170,100,195,120,215,100,263,120,283,100,308,119,328,99,410,120,430,100,455,120,475,100,456,198,476,178,410,197,430,177,331,187,351,167,286,188,306,168,241,187,261,167,194,187,214,167,150,187,170,167,105,186,125,166,61,142,81,122,60,187,80,167,16,188,36,168,524,235,544,215,525,284,545,264,522,333,542,313,525,381,545,361,524,430,544,410,589,557,609,537,455,377,475,357,410,378,430,358,331,323,351,303,285,322,305,302,240,321,260,301,195,322,215,302,151,322,171,302,106,322,126,302,60,322,80,302,15,322,35,302,94,378,114,358,139,378,159,358,185,378,205,358,230,378,250,358,275,379,295,359,319,378,339,358,366,379,386,359,5,400,25,380,5,490,25,470,95,513,115,493,140,513,160,493,185,513,205,493,230,513,250,493,275,513,295,493,320,513,340,493,365,513,385,493,410,513,430,493,456,513,476,493,456,558,476,538,410,558,430,538,275,559,295,539,230,558,250,538,140,558,160,538,72,558,92,538,27,557,47,537
c25_0.jpg,54,243,74,223,100,242,120,222,142,242,162,222,184,242,204,222,226,242,246,222,270,243,290,223,358,274,378,254,504,314,524,294,575,314,595,294,504,105,524,85,539,105,559,85,503,167,523,147,574,166,594,146,55,373,75,353,100,372,120,352,142,372,162,352,184,372,204,352,227,373,247,353,269,373,289,353,302,409,322,389,181,423,201,403,91,423,111,403,182,471,202,451,232,470,252,450,303,487,323,467,344,487,364,467,387,490,407,470,233,524,253,504,209,567,229,547,90,472,110,452,102,523,122,503,92,567,112,547,303,617,323,597,346,618,366,598,387,620,407,600,429,619,449,599,474,621,494,601,494,409,514,389,373,409,393,389,424,410,444,390,430,489,450,469,474,491,494,471,575,105,595,85
c25_1.jpg,396,75,416,55,398,120,418,100,398,161,418,141,397,203,417,183,397,246,417,226,397,290,417,270,365,378,385,358,266,75,286,55,268,120,288,100,268,162,288,142,267,204,287,184,268,246,288,226,267,289,287,269,216,202,236,182,216,110,236,90,167,111,187,91,116,122,136,102,72,112,92,92,168,202,188,182,169,253,189,233,116,252,136,232,72,228,92,208,231,322,251,302,153,323,173,303,151,365,171,345,150,407,170,387,150,450,170,430,230,393,250,373,231,444,251,424,22,322,42,302,22,365,42,345,20,407,40,387,20,449,40,429,18,494,38,474,230,514,250,494,149,495,169,475,365,450,385,430,326,523,346,503,325,594,345,574,472,523,492,503,534,524,554,504,534,559,554,539,472,594,492,574,535,595,555,575
c25_2.jpg,294,64,314,44,294,135,314,115,147,64,167,44,85,65,105,45,85,100,105,80,85,135,105,115,146,134,166,114,254,211,274,191,254,280,274,260,388,145,408,125,389,216,409,196,471,165,491,145,470,210,490,190,470,252,490,232,468,295,488,275,466,336,486,316,388,336,408,316,389,267,409,247,352,370,372,350,352,413,372,393,352,455,372,435,402,458,422,438,450,407,470,387,452,458,472,438,503,407,523,387,597,336,617,316,597,294,617,274,600,252,620,232,599,210,619,190,601,166,621,146,546,431,566,411,546,549,566,529,503,537,523,517,352,497,372,477,352,540,372,520,452,548,472,528,404,548,424,528,353,585,373,565,222,370,242,350,222,413,242,393,222,455,242,435,222,497,242,477,222,539,242,519,223,585,243,565
c25_3.jpg,145,38,165,18,191,40,211,20,232,41,252,21,274,43,294,23,316,44,336,24,411,93,431,73,528,92,548,72,518,136,538,116,529,187,549,167,528,236,548,216,519,288,539,268,438,237,458,217,478,288,498,268,435,288,455,268,393,288,413,268,564,287,584,267,437,188,457,168,388,136,408,116,387,189,407,169,350,287,370,267,316,173,336,153,317,251,337,231,275,173,295,153,232,170,252,150,247,251,267,231,195,251,215,231,190,170,210,150,145,168,165,148,125,250,145,230,44,345,64,325,116,346,136,326,191,385,211,365,261,384,281,364,350,418,370,398,393,418,413,398,435,417,455,397,478,418,498,398,520,417,540,397,564,417,584,397,115,492,135,472,44,493,64,473,79,554,99,534,115,555,135,535,45,554,65,534
c26_0.jpg,506,51,526,31,577,52,597,32,577,140,597,120,507,140,527,120,512,245,532,225,547,246,567,226,476,245,496,225,545,305,565,285,476,305,496,285,245,380,265,360,75,203,95,183,34,381,54,361,78,380,98,360,119,380,139,360,161,380,181,360,203,380,223,360,333,412,353,392,402,412,422,392,476,451,496,431,546,451,566,431,398,544,418,524,466,544,486,524,346,544,366,524,279,544,299,524,245,508,265,488,203,508,223,488,162,508,182,488,120,508,140,488,78,508,98,488,70,558,90,538,158,558,178,538,35,509,55,489,69,607,89,587,159,606,179,586,209,605,229,585,279,621,299,601,319,621,339,601,361,624,381,604,402,624,422,604,446,625,466,605
c26_1.jpg,130,54,150,34,131,98,151,78,131,140,151,120,81,89,101,69,33,89,53,69,130,180,150,160,81,179,101,159,33,179,53,159,35,229,55,209,131,223,151,203,131,264,151,244,94,298,114,278,18,299,38,279,17,338,37,318,95,367,115,347,15,381,35,361,95,417,115,397,16,422,36,402,227,353,247,333,259,223,279,203,259,181,279,161,259,140,279,120,259,98,279,78,258,53,278,33,259,265,279,245,227,422,247,402,188,495,208,475,94,486,114,466,14,467,34,447,188,566,208,546,332,495,352,475,393,496,413,476,394,530,414,510,331,565,351,545,393,566,413,546,499,526,519,506,499,597,519,577,587,527,607,507,586,597,606,577,435,98,455,78,572,95,592,75
c26_2.jpg,431,94,451,74,430,163,450,143,391,238,411,218,391,306,411,286,285,93,305,73,226,94,246,74,225,128,245,108,225,163,245,143,285,163,305,143,120,132,140,112,120,62,140,42,32,61,52,41,32,131,52,111,524,173,544,153,525,243,545,223,525,293,545,273,605,193,625,173,603,238,623,218,604,279,624,259,601,320,621,300,601,361,621,341,524,361,544,341,488,394,508,374,488,436,508,416,488,479,508,459,538,480,558,460,584,431,604,411,586,480,606,460,488,519,508,499,488,561,508,541,538,569,558,549,586,570,606,550,489,605,509,585,361,393,381,373,360,436,380,416,360,478,380,458,361,521,381,501,360,561,380,541,360,604,380,584,184,563,204,543,46,563,66,543
c26_3.jpg,172,35,192,15,217,36,237,16,258,36,278,16,300,38,320,18,341,38,361,18,410,55,430,35,461,53,481,33,549,52,569,32,549,101,569,81,541,152,561,132,584,151,604,131,460,102,480,82,499,152,519,132,457,152,477,132,416,152,436,132,374,151,394,131,340,115,360,95,273,115,293,95,222,115,242,95,153,115,173,95,142,208,162,188,74,209,94,189,218,249,238,229,286,248,306,228,374,278,394,258,416,279,436,259,458,279,478,259,499,279,519,259,541,280,561,260,584,279,604,259,74,353,94,333,143,353,163,333,108,413,128,393,143,413,163,393,74,414,94,394,41,520,61,500,112,520,132,500,41,607,61,587,111,608,131,588,543,455,563,435,543,593,563,573
c27_0.jpg,31,96,51,76,82,93,102,73,128,94,148,74,174,94,194,74,222,94,242,74,269,94,289,74,306,135,326,115,385,135,405,115,442,135,462,115,498,227,518,207,448,225,468,205,401,225,421,205,353,223,373,203,308,222,328,202,228,204,248,184,173,151,193,131,172,205,192,185,71,151,91,131,72,205,92,185,229,263,249,243,203,311,223,291,84,262,104,242,72,311,92,291,122,388,142,368,161,388,181,368,200,388,220,368,307,367,327,347,355,367,375,347,400,370,420,350,447,369,467,349,498,371,518,351,437,485,457,465,399,485,419,465,359,485,379,465,200,485,220,465,161,484,181,464,123,485,143,465,23,393,43,373,22,471,42,451,35,565,55,545,520,134,540,114
c27_1.jpg,544,52,564,32,545,102,565,82,545,149,565,129,545,195,565,175,545,242,565,222,544,290,564,270,488,193,508,173,488,92,508,72,434,92,454,72,434,193,454,173,435,250,455,230,377,250,397,230,377,104,397,84,328,92,348,72,245,43,265,23,250,142,270,122,251,182,271,162,328,222,348,202,250,221,270,201,154,143,174,123,155,181,175,161,155,220,175,200,167,43,187,23,272,328,292,308,272,373,292,353,416,327,436,307,504,327,524,307,417,374,437,354,504,405,524,385,504,462,524,442,415,421,435,401,415,468,435,448,413,518,433,498,504,541,524,521,270,421,290,401,270,468,290,448,268,518,288,498,154,380,174,360,154,419,174,399,154,458,174,438,74,55,94,35
c27_2.jpg,114,118,134,98,206,140,226,120,205,190,225,170,115,198,135,178,115,253,135,233,204,238,224,218,202,285,222,265,115,331,135,311,75,369,95,349,201,332,221,312,351,141,371,121,349,190,369,170,350,237,370,217,347,285,367,265,466,202,486,182,465,241,485,221,466,279,486,259,347,332,367,312,73,417,93,397,74,464,94,444,131,466,151,446,183,410,203,390,242,411,262,391,291,437,311,417,368,440,388,420,465,439,485,419,465,478,485,458,464,516,484,496,369,478,389,458,368,516,388,496,185,466,205,446,74,511,94,491,75,558,95,538,131,568,151,548,185,567,205,547,242,555,262,535,291,567,311,547,374,617,394,597,451,617,471,597,545,604,565,584,75,608,95,588
c27_3.jpg,182,174,202,154,221,175,241,155,259,174,279,154,418,175,438,155,457,174,477,154,496,175,516,155,596,188,616,168,596,265,616,245,496,270,516,250,459,272,479,252,418,270,438,250,311,293,331,273,263,292,283,272,218,289,238,269,171,290,191,270,120,288,140,268,416,349,436,329,546,348,566,328,534,397,554,377,446,454,466,434,390,396,410,376,389,455,409,435,311,437,331,417,265,437,285,417,217,435,237,415,171,434,191,414,122,433,142,413,100,525,120,505,177,524,197,504,234,524,254,504,312,524,332,504,349,565,369,545,395,565,415,545,444,566,464,546,445,508,465,488,445,508,465,488,491,566,511,546,536,565,556,545,547,508,567,488,547,454,567,434,586,564,606,544,583,94,603,74
c28_0.jpg,143,235,159,219,143,265,159,249,177,293,193,277,141,294,157,278,140,321,156,305,263,296,279,280,301,296,317,280,302,214,318,198,270,215,286,199,256,454,272,438,299,382,315,366,256,528,272,512,257,601,273,585,432,602,448,586,591,602,607,586
c28_1.jpg,317,156,333,140,347,158,363,142,375,159,391,143,405,159,421,143,424,286,440,270,426,318,442,302,344,280,360,264,342,317,358,301,256,315,272,299,184,273,200,257,111,272,127,256,39,273,55,257,37,449,53,433,37,608,53,592,346,194,362,178
c28_2.jpg,586,48,602,32,586,207,602,191,584,383,600,367,512,383,528,367,439,383,455,367,366,340,382,324,281,340,297,324,280,376,296,360,198,337,214,321,198,369,214,353,277,462,293,446,306,500,322,484,277,498,293,482,248,497,264,481,219,497,235,481
c28_3.jpg,366,55,382,39,367,127,383,111,191,54,207,38,31,53,47,37,366,201,382,185,324,275,340,259,360,359,376,343,322,358,338,342,322,442,338,426,354,441,370,425,446,363,462,347,484,334,500,318,483,363,499,347,481,392,497,376,481,421,497,405
c29_0.jpg,446,144,462,128,412,146,428,130,445,233,461,217,406,232,422,216,313,228,329,212,276,165,292,149,276,198,292,182,274,229,290,213,273,261,289,245,182,166,198,150,182,201,198,185,181,231,197,215,181,260,197,244,134,107,150,91,133,199,149,183,117,229,133,213,115,275,131,259,53,232,69,216,54,275,70,259,196,403,212,387,398,403,414,387,444,324,460,308,101,449,117,433,100,482,116,466,195,481,211,465,398,481,414,465,398,559,414,543,195,561,211,545,586,561,602,545
c29_1.jpg,362,69,378,53,407,69,423,53,533,150,549,134,441,150,457,134,410,133,426,117,364,132,380,116,379,197,395,181,409,197,425,181,438,198,454,182,473,198,489,182,379,289,395,273,410,291,426,275,441,292,457,276,472,292,488,276,411,330,427,314,236,212,252,196,191,118,207,102,156,117,172,101,159,211,175,195,78,210,94,194,80,414,96,398,158,414,174,398,235,414,251,398,313,459,329,443,408,421,424,405,405,461,421,445,493,427,509,411,495,462,511,446,78,602,94,586
c29_2.jpg,543,52,559,36,543,241,559,225,465,241,481,225,386,241,402,225,309,196,325,180,218,193,234,177,215,234,231,218,128,193,144,177,130,227,146,211,212,325,228,309,243,366,259,350,213,365,229,349,181,363,197,347,151,364,167,348,150,457,166,441,185,457,201,441,214,458,230,442,244,459,260,443,386,444,402,428,465,444,481,428,544,444,560,428,466,538,482,522,431,537,447,521,259,523,275,507,213,521,229,505,183,505,199,489,90,505,106,489,214,585,230,569,260,586,276,570
c29_3.jpg,37,95,53,79,225,97,241,81,428,94,444,78,522,173,538,157,521,208,537,192,429,175,445,159,427,252,443,236,224,253,240,237,225,175,241,159,180,331,196,315,570,379,586,363,569,423,585,407,507,379,523,363,506,427,522,411,443,395,459,379,443,426,459,410,441,456,457,440,489,457,505,441,442,489,458,473,489,548,505,532,350,395,366,379,349,427,365,411,348,457,364,441,347,489,363,473,309,427,325,411,217,423,233,407,177,422,193,406,176,511,192,495,211,509,227,493
c3_0.jpg,315,410,329,396,606,142,622,126,312,535,332,515,414,534,430,518,518,536,532,522,562,536,576,522,384,298,404,278,185,297,205,277,371,534,385,520,384,162,398,148,384,211,404,191,513,163,533,143,25,354,39,340,295,296,309,282,513,255,533,235,513,428,533,408,508,341,528,321,513,120,533,100,607,185,621,171,31,502,45,488,384,335,398,321,143,409,155,397,139,529,159,509,183,124,203,104,513,293,527,279,26,245,40,231,386,248,398,236,75,502,87,490,377,383,397,363,514,378,526,366,295,123,307,111,514,207,528,193,386,422,398,410,386,119,398,107,100,123,112,111,601,540,619,522,625,421,645,401
c3_1.jpg,228,156,242,142,496,622,512,606,228,329,242,315,284,39,298,25,102,576,116,562,102,532,116,518,514,203,534,183,104,430,120,414,516,113,528,101,475,533,495,513,259,397,271,385,106,329,126,309,253,533,273,513,513,309,527,295,341,205,361,185,382,402,402,382,431,404,451,384,518,533,538,513,342,309,356,295,477,397,489,385,105,388,125,368,383,533,403,513,346,528,360,514,102,160,122,140,340,404,360,384,134,45,148,31,393,40,407,26,426,533,446,513,301,398,315,384,301,528,315,514,214,534,234,514,454,622,468,608,216,398,228,386,136,87,148,75,102,618,114,606,520,396,532,384,390,644,408,626,217,639,229,627
c3_2.jpg,518,38,540,16,518,81,540,59,518,124,540,102,406,128,428,106,361,129,383,107,319,129,341,107,275,129,297,107,232,129,254,107,188,129,210,107,145,129,167,107,101,129,123,107,123,35,145,13,166,36,188,14,516,228,538,206,515,271,537,249,512,328,534,306,405,259,427,237,361,259,383,237,319,259,341,237,275,259,297,237,231,258,253,236,188,258,210,236,145,258,167,236,101,260,123,238,107,347,129,325,279,348,301,326,393,327,415,305,392,501,414,479,511,501,533,479,485,569,507,547,280,455,302,433,106,455,128,433,106,543,128,521,227,618,249,596,335,618,357,596,485,612,507,590,405,19,427,-3,232,19,254,-3
c3_3.jpg,478,127,500,105,546,153,568,131,589,153,611,131,594,303,616,281,478,247,500,225,304,126,326,104,248,123,270,101,205,123,227,101,102,121,124,99,58,121,80,99,15,122,37,100,105,233,127,211,236,233,258,211,305,245,327,223,433,360,455,338,595,411,617,389,519,533,541,511,433,533,455,511,324,533,346,511,324,533,346,511,236,277,258,255,236,320,258,298,236,363,258,341,236,406,258,384,236,450,258,428,236,493,258,471,236,538,258,516,325,361,347,339,-6,236,16,214,-4,409,18,387,14,473,36,451,14,515,36,493,106,537,128,515,106,494,128,472,107,451,129,429,107,408,129,386,107,364,129,342,106,320,128,298,106,277,128,255
c30_0.jpg,43,137,59,121,44,230,60,214,243,201,259,185,291,261,307,245,387,262,403,246,387,294,403,278,425,325,441,309,385,324,401,308,293,297,309,281,292,328,308,312,384,356,400,340,291,356,307,340,243,295,259,279,227,325,243,309,226,371,242,355,163,328,179,312,163,372,179,356,46,327,62,311,42,419,58,403,212,547,228,531,307,500,323,484,510,500,526,484,556,422,572,406,559,330,575,314,519,327,535,311,561,240,577,224,525,241,541,225,480,90,496,74,415,88,431,72,351,88,367,72
c30_1.jpg,501,60,517,44,409,60,425,44,313,62,329,46,219,59,235,43,267,178,283,162,312,179,328,163,438,259,454,243,551,366,567,350,345,259,361,243,315,243,331,227,267,243,283,227,284,307,300,291,314,308,330,292,343,309,359,293,379,310,395,294,378,404,394,388,346,404,362,388,315,402,331,386,315,441,331,425,284,401,300,385,140,323,156,307,140,526,156,510,94,229,110,213,551,432,567,416,551,496,567,480,399,541,415,525,312,535,328,519,311,575,327,559,399,576,415,560,219,574,235,558
c30_2.jpg,405,83,421,67,313,82,329,66,312,121,328,105,483,129,499,113,484,332,500,316,529,427,545,411,355,413,371,397,339,349,355,333,310,348,326,332,340,255,356,239,309,215,325,199,308,254,324,238,277,252,293,236,246,252,262,236,245,347,261,331,280,347,296,331,280,397,296,381,308,412,324,396,311,476,327,460,356,478,372,462,185,396,201,380,71,288,87,272,72,225,88,209,74,161,90,145,225,115,241,99,223,78,239,62,122,596,138,580,214,596,230,580,311,594,327,578,403,594,419,578
c30_3.jpg,410,110,426,94,317,156,333,140,113,155,129,139,67,235,83,219,239,300,255,284,397,284,413,268,460,283,476,267,579,236,595,220,578,328,594,312,580,426,596,410,579,517,595,501,379,454,395,438,395,331,411,315,331,299,347,283,333,329,349,313,379,360,395,344,331,360,347,344,331,394,347,378,237,331,253,315,236,362,252,346,198,331,214,315,236,394,252,378,105,328,121,312,65,326,81,310,98,414,114,398,63,416,79,400,144,566,160,550,207,567,223,551,272,568,288,552,461,328,477,312
c31_0.jpg,192,109,216,85,403,109,427,85,489,196,513,172,490,249,514,225,490,318,514,294,351,354,375,330,351,387,375,363,490,406,514,382,453,460,477,436,403,493,427,469,351,423,375,399,351,458,375,434,351,510,375,486,404,546,428,522,456,545,480,521,246,459,270,435,246,425,270,401,247,389,271,365,246,354,270,330,194,287,218,263,141,285,165,261,88,198,112,174,88,320,112,296,140,368,164,344,191,423,215,399,229,511,253,487,89,406,113,382,89,460,113,436,88,512,112,488
c31_1.jpg,179,112,203,88,231,112,255,88,319,113,343,89,354,165,378,141,440,112,464,88,528,216,552,192,286,270,310,246,352,218,376,194,271,164,295,140,218,216,242,192,249,272,273,248,215,271,239,247,181,271,205,247,128,253,152,229,128,113,152,89,128,376,152,352,181,376,205,352,215,375,239,351,250,376,274,352,285,375,309,351,530,427,554,403,442,514,466,490,390,514,414,490,321,514,345,490,233,514,257,490,179,478,203,454,146,429,170,405,93,428,117,404,93,480,117,456
c31_2.jpg,172,150,196,126,225,149,249,125,294,148,318,124,381,148,405,124,436,184,460,160,469,235,493,211,521,183,545,159,521,236,545,212,487,287,511,263,434,288,458,264,400,288,424,264,364,288,388,264,329,288,353,264,86,237,110,213,434,394,458,370,487,410,511,386,488,550,512,526,400,394,424,370,397,446,421,422,365,393,389,369,344,499,368,475,330,393,354,369,435,550,459,526,382,551,406,527,295,550,319,526,262,498,286,474,263,446,287,422,86,446,110,422,174,550,198,526
c31_3.jpg,386,152,410,128,525,151,549,127,526,204,550,180,526,255,550,231,423,242,447,218,368,205,392,181,369,239,393,215,369,275,393,251,474,295,498,271,526,343,550,319,473,378,497,354,421,376,445,352,526,464,550,440,368,309,392,285,422,552,446,528,264,152,288,128,264,205,288,181,263,240,287,216,264,274,288,250,264,310,288,286,161,203,185,179,211,170,235,146,211,118,235,94,159,117,183,93,125,257,149,233,125,345,149,321,125,414,149,390,126,468,150,444,212,554,236,530
c32_0.jpg,540,81,562,59,539,120,561,98,539,207,561,185,461,172,483,150,462,68,484,46,563,303,585,281,563,433,585,411,564,495,586,473,562,538,584,516,520,434,542,412,522,303,544,281,459,232,481,210,476,303,498,281,477,436,499,414,434,435,456,413,432,302,454,280,392,304,414,282,350,304,372,282,305,304,327,282,263,303,285,281,288,234,310,212,241,234,263,212,289,172,311,150,242,165,264,143,290,69,312,47,242,69,264,47,72,69,94,47,155,164,177,142,114,164,136,142,70,165,92,143,71,234,93,212,219,305,241,283,219,436,241,414,263,436,285,414,305,436,327,414,349,435,371,413,392,436,414,414,393,497,415,475,434,565,456,543,435,609,457,587,219,497,241,475,143,427,165,405,83,541,105,519
c32_1.jpg,569,94,591,72,473,93,495,71,474,136,496,114,474,178,496,156,404,93,426,71,212,165,234,143,203,241,225,219,334,242,356,220,404,264,426,242,475,264,497,242,570,265,592,243,570,312,592,290,466,311,488,289,405,311,427,289,335,286,357,264,335,328,357,306,334,371,356,349,335,415,357,393,335,457,357,435,335,499,357,477,336,545,358,523,335,587,357,565,405,483,427,461,466,483,488,461,570,483,592,461,558,560,580,538,518,561,540,539,431,561,453,539,203,285,225,263,203,328,225,306,203,372,225,350,203,414,225,392,204,457,226,435,203,500,225,478,204,543,226,521,203,585,225,563,143,586,165,564,100,586,122,564,142,414,164,392,73,456,95,434,31,457,53,435,142,241,164,219,99,104,121,82
c32_2.jpg,518,74,540,52,474,74,496,52,414,75,436,53,414,117,436,95,414,161,436,139,413,203,435,181,414,246,436,224,474,246,496,224,543,203,565,181,586,203,608,181,414,289,436,267,414,333,436,311,414,376,436,354,414,418,436,396,475,419,497,397,281,73,303,51,281,116,303,94,282,161,304,139,281,202,303,180,282,246,304,224,283,289,305,267,282,332,304,310,282,376,304,354,283,418,305,396,185,100,207,78,212,178,234,156,212,350,234,328,212,396,234,374,150,349,172,327,143,397,165,375,47,349,69,327,151,177,173,155,99,99,121,77,59,99,81,77,46,177,68,155,47,396,69,374,144,484,166,462,144,526,166,504,145,568,167,546,213,568,235,546,48,568,70,546,405,496,427,474,518,557,540,535
c32_3.jpg,182,51,204,29,183,96,205,74,534,120,556,98,397,164,419,142,474,233,496,211,397,224,419,202,354,224,376,202,311,224,333,202,268,225,290,203,224,163,246,141,224,224,246,202,181,225,203,203,139,225,161,203,95,225,117,203,52,226,74,204,53,165,75,143,53,121,75,99,52,356,74,334,94,357,116,335,139,356,161,334,182,357,204,335,224,357,246,335,267,356,289,334,311,356,333,334,354,357,376,335,397,356,419,334,547,426,569,404,546,496,568,474,503,496,525,474,462,496,484,474,545,591,567,569,376,426,398,404,375,496,397,474,327,426,349,404,329,488,351,466,374,591,396,569,327,591,349,569,156,427,178,405,156,488,178,466,155,592,177,570,78,540,100,518,77,580,99,558,78,453,100,431
